ProductKey,product_item_code,subcategory,productcategory,EnglishProductName,Color,Size,ProductLine,ModelName,EnglishDescription,Product_Status
210,FR-R92B-58,Road Frames,Components,"HL Road Frame - Black, 58",Black,58,"R ",HL Road Frame,Our lightest and best quality aluminum frame made from the newest alloy; it is welded and heat-treated for strength. Our innovative design results in maximum comfort and performance.,Current
211,FR-R92R-58,Road Frames,Components,"HL Road Frame - Red, 58",Red,58,"R ",HL Road Frame,Our lightest and best quality aluminum frame made from the newest alloy; it is welded and heat-treated for strength. Our innovative design results in maximum comfort and performance.,Current
212,HL-U509-R,Helmets,Accessories,"Sport-100 Helmet, Red",Red,NULL,"S ",Sport-100,"Universal fit, well-vented, lightweight , snap-on visor.",Outdate
213,HL-U509-R,Helmets,Accessories,"Sport-100 Helmet, Red",Red,NULL,"S ",Sport-100,"Universal fit, well-vented, lightweight , snap-on visor.",Outdate
214,HL-U509-R,Helmets,Accessories,"Sport-100 Helmet, Red",Red,NULL,"S ",Sport-100,"Universal fit, well-vented, lightweight , snap-on visor.",Current
215,HL-U509,Helmets,Accessories,"Sport-100 Helmet, Black",Black,NULL,"S ",Sport-100,"Universal fit, well-vented, lightweight , snap-on visor.",Outdate
216,HL-U509,Helmets,Accessories,"Sport-100 Helmet, Black",Black,NULL,"S ",Sport-100,"Universal fit, well-vented, lightweight , snap-on visor.",Outdate
217,HL-U509,Helmets,Accessories,"Sport-100 Helmet, Black",Black,NULL,"S ",Sport-100,"Universal fit, well-vented, lightweight , snap-on visor.",Current
218,SO-B909-M,Socks,Clothing,"Mountain Bike Socks, M",White,M,"M ",Mountain Bike Socks,Combination of natural and synthetic fibers stays dry and provides just the right cushioning.,Outdate
219,SO-B909-L,Socks,Clothing,"Mountain Bike Socks, L",White,L,"M ",Mountain Bike Socks,Combination of natural and synthetic fibers stays dry and provides just the right cushioning.,Outdate
220,HL-U509-B,Helmets,Accessories,"Sport-100 Helmet, Blue",Blue,NULL,"S ",Sport-100,"Universal fit, well-vented, lightweight , snap-on visor.",Outdate
221,HL-U509-B,Helmets,Accessories,"Sport-100 Helmet, Blue",Blue,NULL,"S ",Sport-100,"Universal fit, well-vented, lightweight , snap-on visor.",Outdate
222,HL-U509-B,Helmets,Accessories,"Sport-100 Helmet, Blue",Blue,NULL,"S ",Sport-100,"Universal fit, well-vented, lightweight , snap-on visor.",Current
223,CA-1098,Caps,Clothing,AWC Logo Cap,Multi,NULL,"S ",Cycling Cap,Traditional style with a flip-up brim; one-size fits all.,Outdate
224,CA-1098,Caps,Clothing,AWC Logo Cap,Multi,NULL,"S ",Cycling Cap,Traditional style with a flip-up brim; one-size fits all.,Outdate
225,CA-1098,Caps,Clothing,AWC Logo Cap,Multi,NULL,"S ",Cycling Cap,Traditional style with a flip-up brim; one-size fits all.,Current
226,LJ-0192-S,Jerseys,Clothing,"Long-Sleeve Logo Jersey, S",Multi,S,"S ",Long-Sleeve Logo Jersey,Unisex long-sleeve AWC logo microfiber cycling jersey,Outdate
227,LJ-0192-S,Jerseys,Clothing,"Long-Sleeve Logo Jersey, S",Multi,S,"S ",Long-Sleeve Logo Jersey,Unisex long-sleeve AWC logo microfiber cycling jersey,Outdate
228,LJ-0192-S,Jerseys,Clothing,"Long-Sleeve Logo Jersey, S",Multi,S,"S ",Long-Sleeve Logo Jersey,Unisex long-sleeve AWC logo microfiber cycling jersey,Current
229,LJ-0192-M,Jerseys,Clothing,"Long-Sleeve Logo Jersey, M",Multi,M,"S ",Long-Sleeve Logo Jersey,Unisex long-sleeve AWC logo microfiber cycling jersey,Outdate
230,LJ-0192-M,Jerseys,Clothing,"Long-Sleeve Logo Jersey, M",Multi,M,"S ",Long-Sleeve Logo Jersey,Unisex long-sleeve AWC logo microfiber cycling jersey,Outdate
231,LJ-0192-M,Jerseys,Clothing,"Long-Sleeve Logo Jersey, M",Multi,M,"S ",Long-Sleeve Logo Jersey,Unisex long-sleeve AWC logo microfiber cycling jersey,Current
232,LJ-0192-L,Jerseys,Clothing,"Long-Sleeve Logo Jersey, L",Multi,L,"S ",Long-Sleeve Logo Jersey,Unisex long-sleeve AWC logo microfiber cycling jersey,Outdate
233,LJ-0192-L,Jerseys,Clothing,"Long-Sleeve Logo Jersey, L",Multi,L,"S ",Long-Sleeve Logo Jersey,Unisex long-sleeve AWC logo microfiber cycling jersey,Outdate
234,LJ-0192-L,Jerseys,Clothing,"Long-Sleeve Logo Jersey, L",Multi,L,"S ",Long-Sleeve Logo Jersey,Unisex long-sleeve AWC logo microfiber cycling jersey,Current
235,LJ-0192-X,Jerseys,Clothing,"Long-Sleeve Logo Jersey, XL",Multi,XL,"S ",Long-Sleeve Logo Jersey,Unisex long-sleeve AWC logo microfiber cycling jersey,Outdate
236,LJ-0192-X,Jerseys,Clothing,"Long-Sleeve Logo Jersey, XL",Multi,XL,"S ",Long-Sleeve Logo Jersey,Unisex long-sleeve AWC logo microfiber cycling jersey,Outdate
237,LJ-0192-X,Jerseys,Clothing,"Long-Sleeve Logo Jersey, XL",Multi,XL,"S ",Long-Sleeve Logo Jersey,Unisex long-sleeve AWC logo microfiber cycling jersey,Current
238,FR-R92R-62,Road Frames,Components,"HL Road Frame - Red, 62",Red,62,"R ",HL Road Frame,Our lightest and best quality aluminum frame made from the newest alloy; it is welded and heat-treated for strength. Our innovative design results in maximum comfort and performance.,Outdate
239,FR-R92R-62,Road Frames,Components,"HL Road Frame - Red, 62",Red,62,"R ",HL Road Frame,Our lightest and best quality aluminum frame made from the newest alloy; it is welded and heat-treated for strength. Our innovative design results in maximum comfort and performance.,Outdate
240,FR-R92R-62,Road Frames,Components,"HL Road Frame - Red, 62",Red,62,"R ",HL Road Frame,Our lightest and best quality aluminum frame made from the newest alloy; it is welded and heat-treated for strength. Our innovative design results in maximum comfort and performance.,Current
241,FR-R92R-44,Road Frames,Components,"HL Road Frame - Red, 44",Red,44,"R ",HL Road Frame,Our lightest and best quality aluminum frame made from the newest alloy; it is welded and heat-treated for strength. Our innovative design results in maximum comfort and performance.,Outdate
242,FR-R92R-44,Road Frames,Components,"HL Road Frame - Red, 44",Red,44,"R ",HL Road Frame,Our lightest and best quality aluminum frame made from the newest alloy; it is welded and heat-treated for strength. Our innovative design results in maximum comfort and performance.,Outdate
243,FR-R92R-44,Road Frames,Components,"HL Road Frame - Red, 44",Red,44,"R ",HL Road Frame,Our lightest and best quality aluminum frame made from the newest alloy; it is welded and heat-treated for strength. Our innovative design results in maximum comfort and performance.,Current
244,FR-R92R-48,Road Frames,Components,"HL Road Frame - Red, 48",Red,48,"R ",HL Road Frame,Our lightest and best quality aluminum frame made from the newest alloy; it is welded and heat-treated for strength. Our innovative design results in maximum comfort and performance.,Outdate
245,FR-R92R-48,Road Frames,Components,"HL Road Frame - Red, 48",Red,48,"R ",HL Road Frame,Our lightest and best quality aluminum frame made from the newest alloy; it is welded and heat-treated for strength. Our innovative design results in maximum comfort and performance.,Outdate
246,FR-R92R-48,Road Frames,Components,"HL Road Frame - Red, 48",Red,48,"R ",HL Road Frame,Our lightest and best quality aluminum frame made from the newest alloy; it is welded and heat-treated for strength. Our innovative design results in maximum comfort and performance.,Current
247,FR-R92R-52,Road Frames,Components,"HL Road Frame - Red, 52",Red,52,"R ",HL Road Frame,Our lightest and best quality aluminum frame made from the newest alloy; it is welded and heat-treated for strength. Our innovative design results in maximum comfort and performance.,Outdate
248,FR-R92R-52,Road Frames,Components,"HL Road Frame - Red, 52",Red,52,"R ",HL Road Frame,Our lightest and best quality aluminum frame made from the newest alloy; it is welded and heat-treated for strength. Our innovative design results in maximum comfort and performance.,Outdate
249,FR-R92R-52,Road Frames,Components,"HL Road Frame - Red, 52",Red,52,"R ",HL Road Frame,Our lightest and best quality aluminum frame made from the newest alloy; it is welded and heat-treated for strength. Our innovative design results in maximum comfort and performance.,Current
250,FR-R92R-56,Road Frames,Components,"HL Road Frame - Red, 56",Red,56,"R ",HL Road Frame,Our lightest and best quality aluminum frame made from the newest alloy; it is welded and heat-treated for strength. Our innovative design results in maximum comfort and performance.,Outdate
251,FR-R92R-56,Road Frames,Components,"HL Road Frame - Red, 56",Red,56,"R ",HL Road Frame,Our lightest and best quality aluminum frame made from the newest alloy; it is welded and heat-treated for strength. Our innovative design results in maximum comfort and performance.,Outdate
252,FR-R92R-56,Road Frames,Components,"HL Road Frame - Red, 56",Red,56,"R ",HL Road Frame,Our lightest and best quality aluminum frame made from the newest alloy; it is welded and heat-treated for strength. Our innovative design results in maximum comfort and performance.,Current
253,FR-R38B-58,Road Frames,Components,"LL Road Frame - Black, 58",Black,58,"R ",LL Road Frame,"The LL Frame provides a safe comfortable ride, while offering superior bump absorption in a value-priced aluminum frame.",Outdate
254,FR-R38B-58,Road Frames,Components,"LL Road Frame - Black, 58",Black,58,"R ",LL Road Frame,"The LL Frame provides a safe comfortable ride, while offering superior bump absorption in a value-priced aluminum frame.",Outdate
255,FR-R38B-58,Road Frames,Components,"LL Road Frame - Black, 58",Black,58,"R ",LL Road Frame,"The LL Frame provides a safe comfortable ride, while offering superior bump absorption in a value-priced aluminum frame.",Current
256,FR-R38B-60,Road Frames,Components,"LL Road Frame - Black, 60",Black,60,"R ",LL Road Frame,"The LL Frame provides a safe comfortable ride, while offering superior bump absorption in a value-priced aluminum frame.",Outdate
257,FR-R38B-60,Road Frames,Components,"LL Road Frame - Black, 60",Black,60,"R ",LL Road Frame,"The LL Frame provides a safe comfortable ride, while offering superior bump absorption in a value-priced aluminum frame.",Outdate
258,FR-R38B-60,Road Frames,Components,"LL Road Frame - Black, 60",Black,60,"R ",LL Road Frame,"The LL Frame provides a safe comfortable ride, while offering superior bump absorption in a value-priced aluminum frame.",Current
259,FR-R38B-62,Road Frames,Components,"LL Road Frame - Black, 62",Black,62,"R ",LL Road Frame,"The LL Frame provides a safe comfortable ride, while offering superior bump absorption in a value-priced aluminum frame.",Outdate
260,FR-R38B-62,Road Frames,Components,"LL Road Frame - Black, 62",Black,62,"R ",LL Road Frame,"The LL Frame provides a safe comfortable ride, while offering superior bump absorption in a value-priced aluminum frame.",Outdate
261,FR-R38B-62,Road Frames,Components,"LL Road Frame - Black, 62",Black,62,"R ",LL Road Frame,"The LL Frame provides a safe comfortable ride, while offering superior bump absorption in a value-priced aluminum frame.",Current
262,FR-R38R-44,Road Frames,Components,"LL Road Frame - Red, 44",Red,44,"R ",LL Road Frame,"The LL Frame provides a safe comfortable ride, while offering superior bump absorption in a value-priced aluminum frame.",Outdate
263,FR-R38R-44,Road Frames,Components,"LL Road Frame - Red, 44",Red,44,"R ",LL Road Frame,"The LL Frame provides a safe comfortable ride, while offering superior bump absorption in a value-priced aluminum frame.",Outdate
264,FR-R38R-48,Road Frames,Components,"LL Road Frame - Red, 48",Red,48,"R ",LL Road Frame,"The LL Frame provides a safe comfortable ride, while offering superior bump absorption in a value-priced aluminum frame.",Outdate
265,FR-R38R-48,Road Frames,Components,"LL Road Frame - Red, 48",Red,48,"R ",LL Road Frame,"The LL Frame provides a safe comfortable ride, while offering superior bump absorption in a value-priced aluminum frame.",Outdate
266,FR-R38R-52,Road Frames,Components,"LL Road Frame - Red, 52",Red,52,"R ",LL Road Frame,"The LL Frame provides a safe comfortable ride, while offering superior bump absorption in a value-priced aluminum frame.",Outdate
267,FR-R38R-52,Road Frames,Components,"LL Road Frame - Red, 52",Red,52,"R ",LL Road Frame,"The LL Frame provides a safe comfortable ride, while offering superior bump absorption in a value-priced aluminum frame.",Outdate
268,FR-R38R-58,Road Frames,Components,"LL Road Frame - Red, 58",Red,58,"R ",LL Road Frame,"The LL Frame provides a safe comfortable ride, while offering superior bump absorption in a value-priced aluminum frame.",Outdate
269,FR-R38R-58,Road Frames,Components,"LL Road Frame - Red, 58",Red,58,"R ",LL Road Frame,"The LL Frame provides a safe comfortable ride, while offering superior bump absorption in a value-priced aluminum frame.",Outdate
270,FR-R38R-60,Road Frames,Components,"LL Road Frame - Red, 60",Red,60,"R ",LL Road Frame,"The LL Frame provides a safe comfortable ride, while offering superior bump absorption in a value-priced aluminum frame.",Outdate
271,FR-R38R-60,Road Frames,Components,"LL Road Frame - Red, 60",Red,60,"R ",LL Road Frame,"The LL Frame provides a safe comfortable ride, while offering superior bump absorption in a value-priced aluminum frame.",Outdate
272,FR-R38R-62,Road Frames,Components,"LL Road Frame - Red, 62",Red,62,"R ",LL Road Frame,"The LL Frame provides a safe comfortable ride, while offering superior bump absorption in a value-priced aluminum frame.",Outdate
273,FR-R38R-62,Road Frames,Components,"LL Road Frame - Red, 62",Red,62,"R ",LL Road Frame,"The LL Frame provides a safe comfortable ride, while offering superior bump absorption in a value-priced aluminum frame.",Outdate
274,FR-R72R-44,Road Frames,Components,"ML Road Frame - Red, 44",Red,44,"R ",ML Road Frame,"Made from the same aluminum alloy as our top-of-the line HL frame, the ML features a lightweight down-tube milled to the perfect diameter for optimal strength. Men's version.",Outdate
275,FR-R72R-48,Road Frames,Components,"ML Road Frame - Red, 48",Red,48,"R ",ML Road Frame,"Made from the same aluminum alloy as our top-of-the line HL frame, the ML features a lightweight down-tube milled to the perfect diameter for optimal strength. Men's version.",Outdate
276,FR-R72R-52,Road Frames,Components,"ML Road Frame - Red, 52",Red,52,"R ",ML Road Frame,"Made from the same aluminum alloy as our top-of-the line HL frame, the ML features a lightweight down-tube milled to the perfect diameter for optimal strength. Men's version.",Outdate
277,FR-R72R-58,Road Frames,Components,"ML Road Frame - Red, 58",Red,58,"R ",ML Road Frame,"Made from the same aluminum alloy as our top-of-the line HL frame, the ML features a lightweight down-tube milled to the perfect diameter for optimal strength. Men's version.",Outdate
278,FR-R72R-60,Road Frames,Components,"ML Road Frame - Red, 60",Red,60,"R ",ML Road Frame,"Made from the same aluminum alloy as our top-of-the line HL frame, the ML features a lightweight down-tube milled to the perfect diameter for optimal strength. Men's version.",Outdate
279,FR-R38B-44,Road Frames,Components,"LL Road Frame - Black, 44",Black,44,"R ",LL Road Frame,"The LL Frame provides a safe comfortable ride, while offering superior bump absorption in a value-priced aluminum frame.",Outdate
280,FR-R38B-44,Road Frames,Components,"LL Road Frame - Black, 44",Black,44,"R ",LL Road Frame,"The LL Frame provides a safe comfortable ride, while offering superior bump absorption in a value-priced aluminum frame.",Outdate
281,FR-R38B-44,Road Frames,Components,"LL Road Frame - Black, 44",Black,44,"R ",LL Road Frame,"The LL Frame provides a safe comfortable ride, while offering superior bump absorption in a value-priced aluminum frame.",Current
282,FR-R38B-48,Road Frames,Components,"LL Road Frame - Black, 48",Black,48,"R ",LL Road Frame,"The LL Frame provides a safe comfortable ride, while offering superior bump absorption in a value-priced aluminum frame.",Outdate
283,FR-R38B-48,Road Frames,Components,"LL Road Frame - Black, 48",Black,48,"R ",LL Road Frame,"The LL Frame provides a safe comfortable ride, while offering superior bump absorption in a value-priced aluminum frame.",Outdate
284,FR-R38B-48,Road Frames,Components,"LL Road Frame - Black, 48",Black,48,"R ",LL Road Frame,"The LL Frame provides a safe comfortable ride, while offering superior bump absorption in a value-priced aluminum frame.",Current
285,FR-R38B-52,Road Frames,Components,"LL Road Frame - Black, 52",Black,52,"R ",LL Road Frame,"The LL Frame provides a safe comfortable ride, while offering superior bump absorption in a value-priced aluminum frame.",Outdate
286,FR-R38B-52,Road Frames,Components,"LL Road Frame - Black, 52",Black,52,"R ",LL Road Frame,"The LL Frame provides a safe comfortable ride, while offering superior bump absorption in a value-priced aluminum frame.",Outdate
287,FR-R38B-52,Road Frames,Components,"LL Road Frame - Black, 52",Black,52,"R ",LL Road Frame,"The LL Frame provides a safe comfortable ride, while offering superior bump absorption in a value-priced aluminum frame.",Current
288,FR-M94S-42,Mountain Frames,Components,"HL Mountain Frame - Silver, 42",Silver,42,"M ",HL Mountain Frame,Each frame is hand-crafted in our Bothell facility to the optimum diameter and wall-thickness required of a premium mountain frame. The heat-treated welded aluminum frame has a larger diameter tube that absorbs the bumps.,Outdate
289,FR-M94S-42,Mountain Frames,Components,"HL Mountain Frame - Silver, 42",Silver,42,"M ",HL Mountain Frame,Each frame is hand-crafted in our Bothell facility to the optimum diameter and wall-thickness required of a premium mountain frame. The heat-treated welded aluminum frame has a larger diameter tube that absorbs the bumps.,Outdate
290,FR-M94S-42,Mountain Frames,Components,"HL Mountain Frame - Silver, 42",Silver,42,"M ",HL Mountain Frame,Each frame is hand-crafted in our Bothell facility to the optimum diameter and wall-thickness required of a premium mountain frame. The heat-treated welded aluminum frame has a larger diameter tube that absorbs the bumps.,Current
291,FR-M94S-44,Mountain Frames,Components,"HL Mountain Frame - Silver, 44",Silver,44,"M ",HL Mountain Frame,Each frame is hand-crafted in our Bothell facility to the optimum diameter and wall-thickness required of a premium mountain frame. The heat-treated welded aluminum frame has a larger diameter tube that absorbs the bumps.,Outdate
292,FR-M94S-52,Mountain Frames,Components,"HL Mountain Frame - Silver, 48",Silver,48,"M ",HL Mountain Frame,Each frame is hand-crafted in our Bothell facility to the optimum diameter and wall-thickness required of a premium mountain frame. The heat-treated welded aluminum frame has a larger diameter tube that absorbs the bumps.,Outdate
293,FR-M94S-46,Mountain Frames,Components,"HL Mountain Frame - Silver, 46",Silver,46,"M ",HL Mountain Frame,Each frame is hand-crafted in our Bothell facility to the optimum diameter and wall-thickness required of a premium mountain frame. The heat-treated welded aluminum frame has a larger diameter tube that absorbs the bumps.,Outdate
294,FR-M94S-46,Mountain Frames,Components,"HL Mountain Frame - Silver, 46",Silver,46,"M ",HL Mountain Frame,Each frame is hand-crafted in our Bothell facility to the optimum diameter and wall-thickness required of a premium mountain frame. The heat-treated welded aluminum frame has a larger diameter tube that absorbs the bumps.,Outdate
295,FR-M94S-46,Mountain Frames,Components,"HL Mountain Frame - Silver, 46",Silver,46,"M ",HL Mountain Frame,Each frame is hand-crafted in our Bothell facility to the optimum diameter and wall-thickness required of a premium mountain frame. The heat-treated welded aluminum frame has a larger diameter tube that absorbs the bumps.,Current
296,FR-M94B-42,Mountain Frames,Components,"HL Mountain Frame - Black, 42",Black,42,"M ",HL Mountain Frame,Each frame is hand-crafted in our Bothell facility to the optimum diameter and wall-thickness required of a premium mountain frame. The heat-treated welded aluminum frame has a larger diameter tube that absorbs the bumps.,Outdate
297,FR-M94B-42,Mountain Frames,Components,"HL Mountain Frame - Black, 42",Black,42,"M ",HL Mountain Frame,Each frame is hand-crafted in our Bothell facility to the optimum diameter and wall-thickness required of a premium mountain frame. The heat-treated welded aluminum frame has a larger diameter tube that absorbs the bumps.,Outdate
298,FR-M94B-42,Mountain Frames,Components,"HL Mountain Frame - Black, 42",Black,42,"M ",HL Mountain Frame,Each frame is hand-crafted in our Bothell facility to the optimum diameter and wall-thickness required of a premium mountain frame. The heat-treated welded aluminum frame has a larger diameter tube that absorbs the bumps.,Current
299,FR-M94B-44,Mountain Frames,Components,"HL Mountain Frame - Black, 44",Black,44,"M ",HL Mountain Frame,Each frame is hand-crafted in our Bothell facility to the optimum diameter and wall-thickness required of a premium mountain frame. The heat-treated welded aluminum frame has a larger diameter tube that absorbs the bumps.,Outdate
300,FR-M94B-48,Mountain Frames,Components,"HL Mountain Frame - Black, 48",Black,48,"M ",HL Mountain Frame,Each frame is hand-crafted in our Bothell facility to the optimum diameter and wall-thickness required of a premium mountain frame. The heat-treated welded aluminum frame has a larger diameter tube that absorbs the bumps.,Outdate
301,FR-M94B-46,Mountain Frames,Components,"HL Mountain Frame - Black, 46",Black,46,"M ",HL Mountain Frame,Each frame is hand-crafted in our Bothell facility to the optimum diameter and wall-thickness required of a premium mountain frame. The heat-treated welded aluminum frame has a larger diameter tube that absorbs the bumps.,Outdate
302,FR-M94B-46,Mountain Frames,Components,"HL Mountain Frame - Black, 46",Black,46,"M ",HL Mountain Frame,Each frame is hand-crafted in our Bothell facility to the optimum diameter and wall-thickness required of a premium mountain frame. The heat-treated welded aluminum frame has a larger diameter tube that absorbs the bumps.,Outdate
303,FR-M94B-46,Mountain Frames,Components,"HL Mountain Frame - Black, 46",Black,46,"M ",HL Mountain Frame,Each frame is hand-crafted in our Bothell facility to the optimum diameter and wall-thickness required of a premium mountain frame. The heat-treated welded aluminum frame has a larger diameter tube that absorbs the bumps.,Current
304,FR-M94B-38,Mountain Frames,Components,"HL Mountain Frame - Black, 38",Black,38,"M ",HL Mountain Frame,Each frame is hand-crafted in our Bothell facility to the optimum diameter and wall-thickness required of a premium mountain frame. The heat-treated welded aluminum frame has a larger diameter tube that absorbs the bumps.,Outdate
305,FR-M94B-38,Mountain Frames,Components,"HL Mountain Frame - Black, 38",Black,38,"M ",HL Mountain Frame,Each frame is hand-crafted in our Bothell facility to the optimum diameter and wall-thickness required of a premium mountain frame. The heat-treated welded aluminum frame has a larger diameter tube that absorbs the bumps.,Outdate
306,FR-M94B-38,Mountain Frames,Components,"HL Mountain Frame - Black, 38",Black,38,"M ",HL Mountain Frame,Each frame is hand-crafted in our Bothell facility to the optimum diameter and wall-thickness required of a premium mountain frame. The heat-treated welded aluminum frame has a larger diameter tube that absorbs the bumps.,Current
307,FR-M94S-38,Mountain Frames,Components,"HL Mountain Frame - Silver, 38",Silver,38,"M ",HL Mountain Frame,Each frame is hand-crafted in our Bothell facility to the optimum diameter and wall-thickness required of a premium mountain frame. The heat-treated welded aluminum frame has a larger diameter tube that absorbs the bumps.,Outdate
308,FR-M94S-38,Mountain Frames,Components,"HL Mountain Frame - Silver, 38",Silver,38,"M ",HL Mountain Frame,Each frame is hand-crafted in our Bothell facility to the optimum diameter and wall-thickness required of a premium mountain frame. The heat-treated welded aluminum frame has a larger diameter tube that absorbs the bumps.,Outdate
309,FR-M94S-38,Mountain Frames,Components,"HL Mountain Frame - Silver, 38",Silver,38,"M ",HL Mountain Frame,Each frame is hand-crafted in our Bothell facility to the optimum diameter and wall-thickness required of a premium mountain frame. The heat-treated welded aluminum frame has a larger diameter tube that absorbs the bumps.,Current
310,BK-R93R-62,Road Bikes,Bikes,"Road-150 Red, 62",Red,62,"R ",Road-150,"This bike is ridden by race winners. Developed with the Adventure Works Cycles professional race team, it has a extremely light heat-treated aluminum frame, and steering that allows precision control.",Outdate
311,BK-R93R-44,Road Bikes,Bikes,"Road-150 Red, 44",Red,44,"R ",Road-150,"This bike is ridden by race winners. Developed with the Adventure Works Cycles professional race team, it has a extremely light heat-treated aluminum frame, and steering that allows precision control.",Outdate
312,BK-R93R-48,Road Bikes,Bikes,"Road-150 Red, 48",Red,48,"R ",Road-150,"This bike is ridden by race winners. Developed with the Adventure Works Cycles professional race team, it has a extremely light heat-treated aluminum frame, and steering that allows precision control.",Outdate
313,BK-R93R-52,Road Bikes,Bikes,"Road-150 Red, 52",Red,52,"R ",Road-150,"This bike is ridden by race winners. Developed with the Adventure Works Cycles professional race team, it has a extremely light heat-treated aluminum frame, and steering that allows precision control.",Outdate
314,BK-R93R-56,Road Bikes,Bikes,"Road-150 Red, 56",Red,56,"R ",Road-150,"This bike is ridden by race winners. Developed with the Adventure Works Cycles professional race team, it has a extremely light heat-treated aluminum frame, and steering that allows precision control.",Outdate
315,BK-R68R-58,Road Bikes,Bikes,"Road-450 Red, 58",Red,58,"R ",Road-450,"A true multi-sport bike that offers streamlined riding and a revolutionary design. Aerodynamic design lets you ride with the pros, and the gearing will conquer hilly roads.",Outdate
316,BK-R68R-60,Road Bikes,Bikes,"Road-450 Red, 60",Red,60,"R ",Road-450,"A true multi-sport bike that offers streamlined riding and a revolutionary design. Aerodynamic design lets you ride with the pros, and the gearing will conquer hilly roads.",Outdate
317,BK-R68R-44,Road Bikes,Bikes,"Road-450 Red, 44",Red,44,"R ",Road-450,"A true multi-sport bike that offers streamlined riding and a revolutionary design. Aerodynamic design lets you ride with the pros, and the gearing will conquer hilly roads.",Outdate
318,BK-R68R-48,Road Bikes,Bikes,"Road-450 Red, 48",Red,48,"R ",Road-450,"A true multi-sport bike that offers streamlined riding and a revolutionary design. Aerodynamic design lets you ride with the pros, and the gearing will conquer hilly roads.",Outdate
319,BK-R68R-52,Road Bikes,Bikes,"Road-450 Red, 52",Red,52,"R ",Road-450,"A true multi-sport bike that offers streamlined riding and a revolutionary design. Aerodynamic design lets you ride with the pros, and the gearing will conquer hilly roads.",Outdate
320,BK-R50R-58,Road Bikes,Bikes,"Road-650 Red, 58",Red,58,"R ",Road-650,"Value-priced bike with many features of our top-of-the-line models. Has the same light, stiff frame, and the quick acceleration we're famous for.",Outdate
321,BK-R50R-58,Road Bikes,Bikes,"Road-650 Red, 58",Red,58,"R ",Road-650,"Value-priced bike with many features of our top-of-the-line models. Has the same light, stiff frame, and the quick acceleration we're famous for.",Outdate
322,BK-R50R-60,Road Bikes,Bikes,"Road-650 Red, 60",Red,60,"R ",Road-650,"Value-priced bike with many features of our top-of-the-line models. Has the same light, stiff frame, and the quick acceleration we're famous for.",Outdate
323,BK-R50R-60,Road Bikes,Bikes,"Road-650 Red, 60",Red,60,"R ",Road-650,"Value-priced bike with many features of our top-of-the-line models. Has the same light, stiff frame, and the quick acceleration we're famous for.",Outdate
324,BK-R50R-62,Road Bikes,Bikes,"Road-650 Red, 62",Red,62,"R ",Road-650,"Value-priced bike with many features of our top-of-the-line models. Has the same light, stiff frame, and the quick acceleration we're famous for.",Outdate
325,BK-R50R-62,Road Bikes,Bikes,"Road-650 Red, 62",Red,62,"R ",Road-650,"Value-priced bike with many features of our top-of-the-line models. Has the same light, stiff frame, and the quick acceleration we're famous for.",Outdate
326,BK-R50R-44,Road Bikes,Bikes,"Road-650 Red, 44",Red,44,"R ",Road-650,"Value-priced bike with many features of our top-of-the-line models. Has the same light, stiff frame, and the quick acceleration we're famous for.",Outdate
327,BK-R50R-44,Road Bikes,Bikes,"Road-650 Red, 44",Red,44,"R ",Road-650,"Value-priced bike with many features of our top-of-the-line models. Has the same light, stiff frame, and the quick acceleration we're famous for.",Outdate
328,BK-R50R-48,Road Bikes,Bikes,"Road-650 Red, 48",Red,48,"R ",Road-650,"Value-priced bike with many features of our top-of-the-line models. Has the same light, stiff frame, and the quick acceleration we're famous for.",Outdate
329,BK-R50R-48,Road Bikes,Bikes,"Road-650 Red, 48",Red,48,"R ",Road-650,"Value-priced bike with many features of our top-of-the-line models. Has the same light, stiff frame, and the quick acceleration we're famous for.",Outdate
330,BK-R50R-52,Road Bikes,Bikes,"Road-650 Red, 52",Red,52,"R ",Road-650,"Value-priced bike with many features of our top-of-the-line models. Has the same light, stiff frame, and the quick acceleration we're famous for.",Outdate
331,BK-R50R-52,Road Bikes,Bikes,"Road-650 Red, 52",Red,52,"R ",Road-650,"Value-priced bike with many features of our top-of-the-line models. Has the same light, stiff frame, and the quick acceleration we're famous for.",Outdate
332,BK-R50B-58,Road Bikes,Bikes,"Road-650 Black, 58",Black,58,"R ",Road-650,"Value-priced bike with many features of our top-of-the-line models. Has the same light, stiff frame, and the quick acceleration we're famous for.",Outdate
333,BK-R50B-58,Road Bikes,Bikes,"Road-650 Black, 58",Black,58,"R ",Road-650,"Value-priced bike with many features of our top-of-the-line models. Has the same light, stiff frame, and the quick acceleration we're famous for.",Outdate
334,BK-R50B-60,Road Bikes,Bikes,"Road-650 Black, 60",Black,60,"R ",Road-650,"Value-priced bike with many features of our top-of-the-line models. Has the same light, stiff frame, and the quick acceleration we're famous for.",Outdate
335,BK-R50B-60,Road Bikes,Bikes,"Road-650 Black, 60",Black,60,"R ",Road-650,"Value-priced bike with many features of our top-of-the-line models. Has the same light, stiff frame, and the quick acceleration we're famous for.",Outdate
336,BK-R50B-62,Road Bikes,Bikes,"Road-650 Black, 62",Black,62,"R ",Road-650,"Value-priced bike with many features of our top-of-the-line models. Has the same light, stiff frame, and the quick acceleration we're famous for.",Outdate
337,BK-R50B-62,Road Bikes,Bikes,"Road-650 Black, 62",Black,62,"R ",Road-650,"Value-priced bike with many features of our top-of-the-line models. Has the same light, stiff frame, and the quick acceleration we're famous for.",Outdate
338,BK-R50B-44,Road Bikes,Bikes,"Road-650 Black, 44",Black,44,"R ",Road-650,"Value-priced bike with many features of our top-of-the-line models. Has the same light, stiff frame, and the quick acceleration we're famous for.",Outdate
339,BK-R50B-44,Road Bikes,Bikes,"Road-650 Black, 44",Black,44,"R ",Road-650,"Value-priced bike with many features of our top-of-the-line models. Has the same light, stiff frame, and the quick acceleration we're famous for.",Outdate
340,BK-R50B-48,Road Bikes,Bikes,"Road-650 Black, 48",Black,48,"R ",Road-650,"Value-priced bike with many features of our top-of-the-line models. Has the same light, stiff frame, and the quick acceleration we're famous for.",Outdate
341,BK-R50B-48,Road Bikes,Bikes,"Road-650 Black, 48",Black,48,"R ",Road-650,"Value-priced bike with many features of our top-of-the-line models. Has the same light, stiff frame, and the quick acceleration we're famous for.",Outdate
342,BK-R50B-52,Road Bikes,Bikes,"Road-650 Black, 52",Black,52,"R ",Road-650,"Value-priced bike with many features of our top-of-the-line models. Has the same light, stiff frame, and the quick acceleration we're famous for.",Outdate
343,BK-R50B-52,Road Bikes,Bikes,"Road-650 Black, 52",Black,52,"R ",Road-650,"Value-priced bike with many features of our top-of-the-line models. Has the same light, stiff frame, and the quick acceleration we're famous for.",Outdate
344,BK-M82S-38,Mountain Bikes,Bikes,"Mountain-100 Silver, 38",Silver,38,"M ",Mountain-100,"Top-of-the-line competition mountain bike. Performance-enhancing options include the innovative HL Frame, super-smooth front suspension, and traction for all terrain.",Outdate
345,BK-M82S-42,Mountain Bikes,Bikes,"Mountain-100 Silver, 42",Silver,42,"M ",Mountain-100,"Top-of-the-line competition mountain bike. Performance-enhancing options include the innovative HL Frame, super-smooth front suspension, and traction for all terrain.",Outdate
346,BK-M82S-44,Mountain Bikes,Bikes,"Mountain-100 Silver, 44",Silver,44,"M ",Mountain-100,"Top-of-the-line competition mountain bike. Performance-enhancing options include the innovative HL Frame, super-smooth front suspension, and traction for all terrain.",Outdate
347,BK-M82S-48,Mountain Bikes,Bikes,"Mountain-100 Silver, 48",Silver,48,"M ",Mountain-100,"Top-of-the-line competition mountain bike. Performance-enhancing options include the innovative HL Frame, super-smooth front suspension, and traction for all terrain.",Outdate
348,BK-M82B-38,Mountain Bikes,Bikes,"Mountain-100 Black, 38",Black,38,"M ",Mountain-100,"Top-of-the-line competition mountain bike. Performance-enhancing options include the innovative HL Frame, super-smooth front suspension, and traction for all terrain.",Outdate
349,BK-M82B-42,Mountain Bikes,Bikes,"Mountain-100 Black, 42",Black,42,"M ",Mountain-100,"Top-of-the-line competition mountain bike. Performance-enhancing options include the innovative HL Frame, super-smooth front suspension, and traction for all terrain.",Outdate
350,BK-M82B-44,Mountain Bikes,Bikes,"Mountain-100 Black, 44",Black,44,"M ",Mountain-100,"Top-of-the-line competition mountain bike. Performance-enhancing options include the innovative HL Frame, super-smooth front suspension, and traction for all terrain.",Outdate
351,BK-M82B-48,Mountain Bikes,Bikes,"Mountain-100 Black, 48",Black,48,"M ",Mountain-100,"Top-of-the-line competition mountain bike. Performance-enhancing options include the innovative HL Frame, super-smooth front suspension, and traction for all terrain.",Outdate
352,BK-M68S-38,Mountain Bikes,Bikes,"Mountain-200 Silver, 38",Silver,38,"M ",Mountain-200,Serious back-country riding. Perfect for all levels of competition. Uses the same HL Frame as the Mountain-100.,Outdate
353,BK-M68S-38,Mountain Bikes,Bikes,"Mountain-200 Silver, 38",Silver,38,"M ",Mountain-200,Serious back-country riding. Perfect for all levels of competition. Uses the same HL Frame as the Mountain-100.,Current
354,BK-M68S-42,Mountain Bikes,Bikes,"Mountain-200 Silver, 42",Silver,42,"M ",Mountain-200,Serious back-country riding. Perfect for all levels of competition. Uses the same HL Frame as the Mountain-100.,Outdate
355,BK-M68S-42,Mountain Bikes,Bikes,"Mountain-200 Silver, 42",Silver,42,"M ",Mountain-200,Serious back-country riding. Perfect for all levels of competition. Uses the same HL Frame as the Mountain-100.,Current
356,BK-M68S-46,Mountain Bikes,Bikes,"Mountain-200 Silver, 46",Silver,46,"M ",Mountain-200,Serious back-country riding. Perfect for all levels of competition. Uses the same HL Frame as the Mountain-100.,Outdate
357,BK-M68S-46,Mountain Bikes,Bikes,"Mountain-200 Silver, 46",Silver,46,"M ",Mountain-200,Serious back-country riding. Perfect for all levels of competition. Uses the same HL Frame as the Mountain-100.,Current
358,BK-M68B-38,Mountain Bikes,Bikes,"Mountain-200 Black, 38",Black,38,"M ",Mountain-200,Serious back-country riding. Perfect for all levels of competition. Uses the same HL Frame as the Mountain-100.,Outdate
359,BK-M68B-38,Mountain Bikes,Bikes,"Mountain-200 Black, 38",Black,38,"M ",Mountain-200,Serious back-country riding. Perfect for all levels of competition. Uses the same HL Frame as the Mountain-100.,Current
360,BK-M68B-42,Mountain Bikes,Bikes,"Mountain-200 Black, 42",Black,42,"M ",Mountain-200,Serious back-country riding. Perfect for all levels of competition. Uses the same HL Frame as the Mountain-100.,Outdate
361,BK-M68B-42,Mountain Bikes,Bikes,"Mountain-200 Black, 42",Black,42,"M ",Mountain-200,Serious back-country riding. Perfect for all levels of competition. Uses the same HL Frame as the Mountain-100.,Current
362,BK-M68B-46,Mountain Bikes,Bikes,"Mountain-200 Black, 46",Black,46,"M ",Mountain-200,Serious back-country riding. Perfect for all levels of competition. Uses the same HL Frame as the Mountain-100.,Outdate
363,BK-M68B-46,Mountain Bikes,Bikes,"Mountain-200 Black, 46",Black,46,"M ",Mountain-200,Serious back-country riding. Perfect for all levels of competition. Uses the same HL Frame as the Mountain-100.,Current
364,BK-M47B-38,Mountain Bikes,Bikes,"Mountain-300 Black, 38",Black,38,"M ",Mountain-300,For true trail addicts.  An extremely durable bike that will go anywhere and keep you in control on challenging terrain - without breaking your budget.,Outdate
365,BK-M47B-40,Mountain Bikes,Bikes,"Mountain-300 Black, 40",Black,40,"M ",Mountain-300,For true trail addicts.  An extremely durable bike that will go anywhere and keep you in control on challenging terrain - without breaking your budget.,Outdate
366,BK-M47B-44,Mountain Bikes,Bikes,"Mountain-300 Black, 44",Black,44,"M ",Mountain-300,For true trail addicts.  An extremely durable bike that will go anywhere and keep you in control on challenging terrain - without breaking your budget.,Outdate
367,BK-M47B-48,Mountain Bikes,Bikes,"Mountain-300 Black, 48",Black,48,"M ",Mountain-300,For true trail addicts.  An extremely durable bike that will go anywhere and keep you in control on challenging terrain - without breaking your budget.,Outdate
368,BK-R89R-44,Road Bikes,Bikes,"Road-250 Red, 44",Red,44,"R ",Road-250,"Alluminum-alloy frame provides a light, stiff ride, whether you are racing in the velodrome or on a demanding club ride on country roads.",Outdate
369,BK-R89R-48,Road Bikes,Bikes,"Road-250 Red, 48",Red,48,"R ",Road-250,"Alluminum-alloy frame provides a light, stiff ride, whether you are racing in the velodrome or on a demanding club ride on country roads.",Outdate
370,BK-R89R-52,Road Bikes,Bikes,"Road-250 Red, 52",Red,52,"R ",Road-250,"Alluminum-alloy frame provides a light, stiff ride, whether you are racing in the velodrome or on a demanding club ride on country roads.",Outdate
371,BK-R89R-58,Road Bikes,Bikes,"Road-250 Red, 58",Red,58,"R ",Road-250,"Alluminum-alloy frame provides a light, stiff ride, whether you are racing in the velodrome or on a demanding club ride on country roads.",Outdate
372,BK-R89R-58,Road Bikes,Bikes,"Road-250 Red, 58",Red,58,"R ",Road-250,"Alluminum-alloy frame provides a light, stiff ride, whether you are racing in the velodrome or on a demanding club ride on country roads.",Current
373,BK-R89B-44,Road Bikes,Bikes,"Road-250 Black, 44",Black,44,"R ",Road-250,"Alluminum-alloy frame provides a light, stiff ride, whether you are racing in the velodrome or on a demanding club ride on country roads.",Outdate
374,BK-R89B-44,Road Bikes,Bikes,"Road-250 Black, 44",Black,44,"R ",Road-250,"Alluminum-alloy frame provides a light, stiff ride, whether you are racing in the velodrome or on a demanding club ride on country roads.",Current
375,BK-R89B-48,Road Bikes,Bikes,"Road-250 Black, 48",Black,48,"R ",Road-250,"Alluminum-alloy frame provides a light, stiff ride, whether you are racing in the velodrome or on a demanding club ride on country roads.",Outdate
376,BK-R89B-48,Road Bikes,Bikes,"Road-250 Black, 48",Black,48,"R ",Road-250,"Alluminum-alloy frame provides a light, stiff ride, whether you are racing in the velodrome or on a demanding club ride on country roads.",Current
377,BK-R89B-52,Road Bikes,Bikes,"Road-250 Black, 52",Black,52,"R ",Road-250,"Alluminum-alloy frame provides a light, stiff ride, whether you are racing in the velodrome or on a demanding club ride on country roads.",Outdate
378,BK-R89B-52,Road Bikes,Bikes,"Road-250 Black, 52",Black,52,"R ",Road-250,"Alluminum-alloy frame provides a light, stiff ride, whether you are racing in the velodrome or on a demanding club ride on country roads.",Current
379,BK-R89B-58,Road Bikes,Bikes,"Road-250 Black, 58",Black,58,"R ",Road-250,"Alluminum-alloy frame provides a light, stiff ride, whether you are racing in the velodrome or on a demanding club ride on country roads.",Outdate
380,BK-R89B-58,Road Bikes,Bikes,"Road-250 Black, 58",Black,58,"R ",Road-250,"Alluminum-alloy frame provides a light, stiff ride, whether you are racing in the velodrome or on a demanding club ride on country roads.",Current
381,BK-R64Y-38,Road Bikes,Bikes,"Road-550-W Yellow, 38",Yellow,38,"R ",Road-550-W,"Same technology as all of our Road series bikes, but the frame is sized for a woman.  Perfect all-around bike for road or racing.",Outdate
382,BK-R64Y-38,Road Bikes,Bikes,"Road-550-W Yellow, 38",Yellow,38,"R ",Road-550-W,"Same technology as all of our Road series bikes, but the frame is sized for a woman.  Perfect all-around bike for road or racing.",Current
383,BK-R64Y-40,Road Bikes,Bikes,"Road-550-W Yellow, 40",Yellow,40,"R ",Road-550-W,"Same technology as all of our Road series bikes, but the frame is sized for a woman.  Perfect all-around bike for road or racing.",Outdate
384,BK-R64Y-40,Road Bikes,Bikes,"Road-550-W Yellow, 40",Yellow,40,"R ",Road-550-W,"Same technology as all of our Road series bikes, but the frame is sized for a woman.  Perfect all-around bike for road or racing.",Current
385,BK-R64Y-42,Road Bikes,Bikes,"Road-550-W Yellow, 42",Yellow,42,"R ",Road-550-W,"Same technology as all of our Road series bikes, but the frame is sized for a woman.  Perfect all-around bike for road or racing.",Outdate
386,BK-R64Y-42,Road Bikes,Bikes,"Road-550-W Yellow, 42",Yellow,42,"R ",Road-550-W,"Same technology as all of our Road series bikes, but the frame is sized for a woman.  Perfect all-around bike for road or racing.",Current
387,BK-R64Y-44,Road Bikes,Bikes,"Road-550-W Yellow, 44",Yellow,44,"R ",Road-550-W,"Same technology as all of our Road series bikes, but the frame is sized for a woman.  Perfect all-around bike for road or racing.",Outdate
388,BK-R64Y-44,Road Bikes,Bikes,"Road-550-W Yellow, 44",Yellow,44,"R ",Road-550-W,"Same technology as all of our Road series bikes, but the frame is sized for a woman.  Perfect all-around bike for road or racing.",Current
389,BK-R64Y-48,Road Bikes,Bikes,"Road-550-W Yellow, 48",Yellow,48,"R ",Road-550-W,"Same technology as all of our Road series bikes, but the frame is sized for a woman.  Perfect all-around bike for road or racing.",Outdate
390,BK-R64Y-48,Road Bikes,Bikes,"Road-550-W Yellow, 48",Yellow,48,"R ",Road-550-W,"Same technology as all of our Road series bikes, but the frame is sized for a woman.  Perfect all-around bike for road or racing.",Current
391,FK-1639,Forks,Components,LL Fork,NA,NULL,NULL,LL Fork,Stout design absorbs shock and offers more precise steering.,Outdate
392,FK-5136,Forks,Components,ML Fork,NA,NULL,NULL,ML Fork,Composite road fork with an aluminum steerer tube.,Outdate
393,FK-9939,Forks,Components,HL Fork,NA,NULL,NULL,HL Fork,High-performance carbon road fork with curved legs.,Outdate
394,HS-0296,Headsets,Components,LL Headset,NA,NULL,NULL,LL Headset,Threadless headset provides quality at an economical price.,Outdate
395,HS-2451,Headsets,Components,ML Headset,NA,NULL,NULL,ML Headset,Sealed cartridge keeps dirt out.,Outdate
396,HS-3479,Headsets,Components,HL Headset,NA,NULL,NULL,HL Headset,"High-quality 1"" threadless headset with a grease port for quick lubrication.",Outdate
397,HB-M243,Handlebars,Components,LL Mountain Handlebars,NA,NULL,"M ",LL Mountain Handlebars,All-purpose bar for on or off-road.,Outdate
398,HB-M243,Handlebars,Components,LL Mountain Handlebars,NA,NULL,"M ",LL Mountain Handlebars,All-purpose bar for on or off-road.,Current
399,HB-M763,Handlebars,Components,ML Mountain Handlebars,NA,NULL,"M ",ML Mountain Handlebars,Tough aluminum alloy bars for downhill.,Outdate
400,HB-M763,Handlebars,Components,ML Mountain Handlebars,NA,NULL,"M ",ML Mountain Handlebars,Tough aluminum alloy bars for downhill.,Current
401,HB-M918,Handlebars,Components,HL Mountain Handlebars,NA,NULL,"M ",HL Mountain Handlebars,Flat bar strong enough for the pro circuit.,Outdate
402,HB-M918,Handlebars,Components,HL Mountain Handlebars,NA,NULL,"M ",HL Mountain Handlebars,Flat bar strong enough for the pro circuit.,Current
403,HB-R504,Handlebars,Components,LL Road Handlebars,NA,NULL,"R ",LL Road Handlebars,Unique shape provides easier reach to the levers.,Outdate
404,HB-R504,Handlebars,Components,LL Road Handlebars,NA,NULL,"R ",LL Road Handlebars,Unique shape provides easier reach to the levers.,Current
405,HB-R720,Handlebars,Components,ML Road Handlebars,NA,NULL,"R ",ML Road Handlebars,Anatomically shaped aluminum tube bar will suit all riders.,Outdate
406,HB-R720,Handlebars,Components,ML Road Handlebars,NA,NULL,"R ",ML Road Handlebars,Anatomically shaped aluminum tube bar will suit all riders.,Current
407,HB-R956,Handlebars,Components,HL Road Handlebars,NA,NULL,"R ",HL Road Handlebars,Designed for racers; high-end anatomically shaped bar from aluminum alloy.,Outdate
408,HB-R956,Handlebars,Components,HL Road Handlebars,NA,NULL,"R ",HL Road Handlebars,Designed for racers; high-end anatomically shaped bar from aluminum alloy.,Current
409,FR-M63B-38,Mountain Frames,Components,"ML Mountain Frame - Black, 38",Black,38,"M ",ML Mountain Frame-W,The ML frame is a heat-treated aluminum frame made with the same detail and quality as our HL frame. It offers superior performance. Men's version.,Outdate
410,FW-M423,Wheels,Components,LL Mountain Front Wheel,Black,NULL,"M ",LL Mountain Front Wheel,Replacement mountain wheel for entry-level rider.,Outdate
411,FW-M762,Wheels,Components,ML Mountain Front Wheel,Black,NULL,"M ",ML Mountain Front Wheel,Replacement mountain wheel for the casual to serious rider.,Outdate
412,FW-M928,Wheels,Components,HL Mountain Front Wheel,Black,NULL,"M ",HL Mountain Front Wheel,High-performance mountain replacement wheel.,Outdate
413,FW-R623,Wheels,Components,LL Road Front Wheel,Black,NULL,"R ",LL Road Front Wheel,Replacement road front wheel for entry-level cyclist.,Outdate
414,FW-R762,Wheels,Components,ML Road Front Wheel,Black,NULL,"R ",ML Road Front Wheel,Sturdy alloy features a quick-release hub.,Outdate
415,FW-R820,Wheels,Components,HL Road Front Wheel,Black,NULL,"R ",HL Road Front Wheel,Strong wheel with double-walled rim.,Outdate
416,FW-T905,Wheels,Components,Touring Front Wheel,Black,NULL,"T ",Touring Front Wheel,Aerodynamic rims for smooth riding.,Outdate
417,FR-R72Y-38,Road Frames,Components,"ML Road Frame-W - Yellow, 38",Yellow,38,"R ",ML Road Frame-W,"Made from the same aluminum alloy as our top-of-the line HL frame, the ML features a lightweight down-tube milled to the perfect diameter for optimal strength. Women's version.",Outdate
418,FR-R72Y-38,Road Frames,Components,"ML Road Frame-W - Yellow, 38",Yellow,38,"R ",ML Road Frame-W,"Made from the same aluminum alloy as our top-of-the line HL frame, the ML features a lightweight down-tube milled to the perfect diameter for optimal strength. Women's version.",Current
419,RW-M423,Wheels,Components,LL Mountain Rear Wheel,Black,NULL,"M ",LL Mountain Rear Wheel,Replacement mountain wheel for entry-level rider.,Outdate
420,RW-M762,Wheels,Components,ML Mountain Rear Wheel,Black,NULL,"M ",ML Mountain Rear Wheel,Replacement mountain wheel for the casual to serious rider.,Outdate
421,RW-M928,Wheels,Components,HL Mountain Rear Wheel,Black,NULL,"M ",HL Mountain Rear Wheel,High-performance mountain replacement wheel.,Outdate
422,RW-R623,Wheels,Components,LL Road Rear Wheel,Black,NULL,"R ",LL Road Rear Wheel,Replacement road rear wheel for entry-level cyclist.,Outdate
423,RW-R762,Wheels,Components,ML Road Rear Wheel,Black,NULL,"R ",ML Road Rear Wheel,Aluminum alloy rim with stainless steel spokes; built for speed.,Outdate
424,RW-R820,Wheels,Components,HL Road Rear Wheel,Black,NULL,"R ",HL Road Rear Wheel,Strong rear wheel with double-walled rim.,Outdate
425,RW-T905,Wheels,Components,Touring Rear Wheel,Black,NULL,"T ",Touring Rear Wheel,Excellent aerodynamic rims guarantee a smooth ride.,Outdate
426,FR-M63B-40,Mountain Frames,Components,"ML Mountain Frame - Black, 40",Black,40,"M ",ML Mountain Frame,The ML frame is a heat-treated aluminum frame made with the same detail and quality as our HL frame. It offers superior performance. Women's version.,Outdate
427,FR-M63B-44,Mountain Frames,Components,"ML Mountain Frame - Black, 44",Black,44,"M ",ML Mountain Frame,The ML frame is a heat-treated aluminum frame made with the same detail and quality as our HL frame. It offers superior performance. Women's version.,Outdate
428,FR-M63B-48,Mountain Frames,Components,"ML Mountain Frame - Black, 48",Black,48,"M ",ML Mountain Frame,The ML frame is a heat-treated aluminum frame made with the same detail and quality as our HL frame. It offers superior performance. Women's version.,Outdate
429,FR-R72Y-40,Road Frames,Components,"ML Road Frame-W - Yellow, 40",Yellow,40,"R ",ML Road Frame-W,"Made from the same aluminum alloy as our top-of-the line HL frame, the ML features a lightweight down-tube milled to the perfect diameter for optimal strength. Women's version.",Outdate
430,FR-R72Y-40,Road Frames,Components,"ML Road Frame-W - Yellow, 40",Yellow,40,"R ",ML Road Frame-W,"Made from the same aluminum alloy as our top-of-the line HL frame, the ML features a lightweight down-tube milled to the perfect diameter for optimal strength. Women's version.",Current
431,FR-R72Y-42,Road Frames,Components,"ML Road Frame-W - Yellow, 42",Yellow,42,"R ",ML Road Frame-W,"Made from the same aluminum alloy as our top-of-the line HL frame, the ML features a lightweight down-tube milled to the perfect diameter for optimal strength. Women's version.",Outdate
432,FR-R72Y-42,Road Frames,Components,"ML Road Frame-W - Yellow, 42",Yellow,42,"R ",ML Road Frame-W,"Made from the same aluminum alloy as our top-of-the line HL frame, the ML features a lightweight down-tube milled to the perfect diameter for optimal strength. Women's version.",Current
433,FR-R72Y-44,Road Frames,Components,"ML Road Frame-W - Yellow, 44",Yellow,44,"R ",ML Road Frame-W,"Made from the same aluminum alloy as our top-of-the line HL frame, the ML features a lightweight down-tube milled to the perfect diameter for optimal strength. Women's version.",Outdate
434,FR-R72Y-44,Road Frames,Components,"ML Road Frame-W - Yellow, 44",Yellow,44,"R ",ML Road Frame-W,"Made from the same aluminum alloy as our top-of-the line HL frame, the ML features a lightweight down-tube milled to the perfect diameter for optimal strength. Women's version.",Current
435,FR-R72Y-48,Road Frames,Components,"ML Road Frame-W - Yellow, 48",Yellow,48,"R ",ML Road Frame-W,"Made from the same aluminum alloy as our top-of-the line HL frame, the ML features a lightweight down-tube milled to the perfect diameter for optimal strength. Women's version.",Outdate
436,FR-R72Y-48,Road Frames,Components,"ML Road Frame-W - Yellow, 48",Yellow,48,"R ",ML Road Frame-W,"Made from the same aluminum alloy as our top-of-the line HL frame, the ML features a lightweight down-tube milled to the perfect diameter for optimal strength. Women's version.",Current
437,FR-R92B-62,Road Frames,Components,"HL Road Frame - Black, 62",Black,62,"R ",HL Road Frame,Our lightest and best quality aluminum frame made from the newest alloy; it is welded and heat-treated for strength. Our innovative design results in maximum comfort and performance.,Outdate
438,FR-R92B-62,Road Frames,Components,"HL Road Frame - Black, 62",Black,62,"R ",HL Road Frame,Our lightest and best quality aluminum frame made from the newest alloy; it is welded and heat-treated for strength. Our innovative design results in maximum comfort and performance.,Current
439,FR-R92B-44,Road Frames,Components,"HL Road Frame - Black, 44",Black,44,"R ",HL Road Frame,Our lightest and best quality aluminum frame made from the newest alloy; it is welded and heat-treated for strength. Our innovative design results in maximum comfort and performance.,Outdate
440,FR-R92B-44,Road Frames,Components,"HL Road Frame - Black, 44",Black,44,"R ",HL Road Frame,Our lightest and best quality aluminum frame made from the newest alloy; it is welded and heat-treated for strength. Our innovative design results in maximum comfort and performance.,Current
441,FR-R92B-48,Road Frames,Components,"HL Road Frame - Black, 48",Black,48,"R ",HL Road Frame,Our lightest and best quality aluminum frame made from the newest alloy; it is welded and heat-treated for strength. Our innovative design results in maximum comfort and performance.,Outdate
442,FR-R92B-48,Road Frames,Components,"HL Road Frame - Black, 48",Black,48,"R ",HL Road Frame,Our lightest and best quality aluminum frame made from the newest alloy; it is welded and heat-treated for strength. Our innovative design results in maximum comfort and performance.,Current
443,FR-R92B-52,Road Frames,Components,"HL Road Frame - Black, 52",Black,52,"R ",HL Road Frame,Our lightest and best quality aluminum frame made from the newest alloy; it is welded and heat-treated for strength. Our innovative design results in maximum comfort and performance.,Outdate
444,FR-R92B-52,Road Frames,Components,"HL Road Frame - Black, 52",Black,52,"R ",HL Road Frame,Our lightest and best quality aluminum frame made from the newest alloy; it is welded and heat-treated for strength. Our innovative design results in maximum comfort and performance.,Current
445,SH-M897-S,Shorts,Clothing,"Men's Sports Shorts, S",Black,S,"S ",Men's Sports Shorts,Men's 8-panel racing shorts - lycra with an elastic waistband and leg grippers.,Outdate
446,PA-T100,Panniers,Accessories,"Touring-Panniers, Large",Grey,NULL,"T ",Touring-Panniers,"Durable, water-proof nylon construction with easy access. Large enough for weekend trips.",Outdate
447,LO-C100,Locks,Accessories,Cable Lock,NA,NULL,"S ",Cable Lock,"Wraps to fit front and rear tires, carrier and 2 keys included.",Outdate
448,PU-0452,Pumps,Accessories,Minipump,NA,NULL,"S ",Minipump,Designed for convenience. Fits in your pocket. Aluminum barrel. 160psi rated.,Outdate
449,PU-M044,Pumps,Accessories,Mountain Pump,NA,NULL,"M ",Mountain Pump,Simple and light-weight. Emergency patches stored in handle.,Outdate
450,LT-T990,Lights,Accessories,Taillights - Battery-Powered,NA,NULL,"R ",Taillight,Affordable light for safe night riding - uses 3 AAA batteries,Outdate
451,LT-H902,Lights,Accessories,Headlights - Dual-Beam,NA,NULL,"R ",Headlights - Dual-Beam,Rechargeable dual-beam headlight.,Outdate
452,LT-H903,Lights,Accessories,Headlights - Weatherproof,NA,NULL,"R ",Headlights - Weatherproof,Rugged weatherproof headlight.,Outdate
453,SH-M897-M,Shorts,Clothing,"Men's Sports Shorts, M",Black,M,"S ",Men's Sports Shorts,Men's 8-panel racing shorts - lycra with an elastic waistband and leg grippers.,Outdate
454,SH-M897-L,Shorts,Clothing,"Men's Sports Shorts, L",Black,L,"S ",Men's Sports Shorts,Men's 8-panel racing shorts - lycra with an elastic waistband and leg grippers.,Outdate
455,SH-M897-X,Shorts,Clothing,"Men's Sports Shorts, XL",Black,XL,"S ",Men's Sports Shorts,Men's 8-panel racing shorts - lycra with an elastic waistband and leg grippers.,Outdate
456,TG-W091-S,Tights,Clothing,"Women's Tights, S",Black,S,"S ",Women's Tights,Warm spandex tights for winter riding; seamless chamois construction eliminates pressure points.,Outdate
457,TG-W091-M,Tights,Clothing,"Women's Tights, M",Black,M,"S ",Women's Tights,Warm spandex tights for winter riding; seamless chamois construction eliminates pressure points.,Outdate
458,TG-W091-L,Tights,Clothing,"Women's Tights, L",Black,L,"S ",Women's Tights,Warm spandex tights for winter riding; seamless chamois construction eliminates pressure points.,Outdate
459,SB-M891-S,Bib-Shorts,Clothing,"Men's Bib-Shorts, S",Multi,S,"S ",Men's Bib-Shorts,"Designed for the AWC team with stay-put straps, moisture-control, chamois padding, and leg grippers.",Outdate
460,SB-M891-M,Bib-Shorts,Clothing,"Men's Bib-Shorts, M",Multi,M,"S ",Men's Bib-Shorts,"Designed for the AWC team with stay-put straps, moisture-control, chamois padding, and leg grippers.",Outdate
461,SB-M891-L,Bib-Shorts,Clothing,"Men's Bib-Shorts, L",Multi,L,"S ",Men's Bib-Shorts,"Designed for the AWC team with stay-put straps, moisture-control, chamois padding, and leg grippers.",Outdate
462,GL-H102-S,Gloves,Clothing,"Half-Finger Gloves, S",Black,S,"S ",Half-Finger Gloves,"Full padding, improved finger flex, durable palm, adjustable closure.",Outdate
463,GL-H102-S,Gloves,Clothing,"Half-Finger Gloves, S",Black,S,"S ",Half-Finger Gloves,"Full padding, improved finger flex, durable palm, adjustable closure.",Current
464,GL-H102-M,Gloves,Clothing,"Half-Finger Gloves, M",Black,M,"S ",Half-Finger Gloves,"Full padding, improved finger flex, durable palm, adjustable closure.",Outdate
465,GL-H102-M,Gloves,Clothing,"Half-Finger Gloves, M",Black,M,"S ",Half-Finger Gloves,"Full padding, improved finger flex, durable palm, adjustable closure.",Current
466,GL-H102-L,Gloves,Clothing,"Half-Finger Gloves, L",Black,L,"S ",Half-Finger Gloves,"Full padding, improved finger flex, durable palm, adjustable closure.",Outdate
467,GL-H102-L,Gloves,Clothing,"Half-Finger Gloves, L",Black,L,"S ",Half-Finger Gloves,"Full padding, improved finger flex, durable palm, adjustable closure.",Current
468,GL-F110-S,Gloves,Clothing,"Full-Finger Gloves, S",Black,S,"M ",Full-Finger Gloves,"Synthetic palm, flexible knuckles, breathable mesh upper. Worn by the AWC team riders.",Outdate
469,GL-F110-M,Gloves,Clothing,"Full-Finger Gloves, M",Black,M,"M ",Full-Finger Gloves,"Synthetic palm, flexible knuckles, breathable mesh upper. Worn by the AWC team riders.",Outdate
470,GL-F110-L,Gloves,Clothing,"Full-Finger Gloves, L",Black,L,"M ",Full-Finger Gloves,"Synthetic palm, flexible knuckles, breathable mesh upper. Worn by the AWC team riders.",Outdate
471,VE-C304-S,Vests,Clothing,"Classic Vest, S",Blue,S,"S ",Classic Vest,"Light-weight, wind-resistant, packs to fit into a pocket.",Current
472,VE-C304-M,Vests,Clothing,"Classic Vest, M",Blue,M,"S ",Classic Vest,"Light-weight, wind-resistant, packs to fit into a pocket.",Current
473,VE-C304-L,Vests,Clothing,"Classic Vest, L",Blue,L,"S ",Classic Vest,"Light-weight, wind-resistant, packs to fit into a pocket.",Current
474,SH-W890-S,Shorts,Clothing,"Women's Mountain Shorts, S",Black,S,"M ",Women's Mountain Shorts,"Heavy duty, abrasion-resistant shorts feature seamless, lycra inner shorts with anti-bacterial chamois for comfort.",Current
475,SH-W890-M,Shorts,Clothing,"Women's Mountain Shorts, M",Black,M,"M ",Women's Mountain Shorts,"Heavy duty, abrasion-resistant shorts feature seamless, lycra inner shorts with anti-bacterial chamois for comfort.",Current
476,SH-W890-L,Shorts,Clothing,"Women's Mountain Shorts, L",Black,L,"M ",Women's Mountain Shorts,"Heavy duty, abrasion-resistant shorts feature seamless, lycra inner shorts with anti-bacterial chamois for comfort.",Current
477,WB-H098,Bottles and Cages,Accessories,Water Bottle - 30 oz.,NA,NULL,"S ",Water Bottle,AWC logo water bottle - holds 30 oz; leak-proof.,Current
478,BC-M005,Bottles and Cages,Accessories,Mountain Bottle Cage,NA,NULL,"M ",Mountain Bottle Cage,Tough aluminum cage holds bottle securly on tough terrain.,Current
479,BC-R205,Bottles and Cages,Accessories,Road Bottle Cage,NA,NULL,"R ",Road Bottle Cage,Aluminum cage is lighter than our mountain version; perfect for long distance trips.,Current
480,PK-7098,Tires and Tubes,Accessories,Patch Kit/8 Patches,NA,NULL,"S ",Patch kit,"Includes 8 different size patches, glue and sandpaper.",Current
481,SO-R809-M,Socks,Clothing,"Racing Socks, M",White,M,"R ",Racing Socks,"Thin, lightweight and durable with cuffs that stay up.",Current
482,SO-R809-L,Socks,Clothing,"Racing Socks, L",White,L,"R ",Racing Socks,"Thin, lightweight and durable with cuffs that stay up.",Current
483,RA-H123,Bike Racks,Accessories,Hitch Rack - 4-Bike,NA,NULL,"S ",Hitch Rack - 4-Bike,"Carries 4 bikes securely; steel construction, fits 2"" receiver hitch.",Current
484,CL-9009,Cleaners,Accessories,Bike Wash - Dissolver,NA,NULL,"S ",Bike Wash,"Washes off the toughest road grime; dissolves grease, environmentally safe. 1-liter bottle.",Current
485,FE-6654,Fenders,Accessories,Fender Set - Mountain,NA,NULL,"M ",Fender Set - Mountain,Clip-on fenders fit most mountain bikes.,Current
486,ST-1401,Bike Stands,Accessories,All-Purpose Bike Stand,NA,NULL,"M ",All-Purpose Bike Stand,Perfect all-purpose bike stand for working on your bike at home. Quick-adjusting clamps and steel construction.,Current
487,HY-1023-70,Hydration Packs,Accessories,Hydration Pack - 70 oz.,Silver,70,"S ",Hydration Pack,"Versatile 70 oz hydration pack offers extra storage, easy-fill access, and a waist belt.",Current
488,SJ-0194-S,Jerseys,Clothing,"Short-Sleeve Classic Jersey, S",Yellow,S,"S ",Short-Sleeve Classic Jersey,"Short sleeve classic breathable jersey with superior moisture control, front zipper, and 3 back pockets.",Current
489,SJ-0194-M,Jerseys,Clothing,"Short-Sleeve Classic Jersey, M",Yellow,M,"S ",Short-Sleeve Classic Jersey,"Short sleeve classic breathable jersey with superior moisture control, front zipper, and 3 back pockets.",Current
490,SJ-0194-L,Jerseys,Clothing,"Short-Sleeve Classic Jersey, L",Yellow,L,"S ",Short-Sleeve Classic Jersey,"Short sleeve classic breathable jersey with superior moisture control, front zipper, and 3 back pockets.",Current
491,SJ-0194-X,Jerseys,Clothing,"Short-Sleeve Classic Jersey, XL",Yellow,XL,"S ",Short-Sleeve Classic Jersey,"Short sleeve classic breathable jersey with superior moisture control, front zipper, and 3 back pockets.",Current
492,FR-T98Y-60,Touring Frames,Components,"HL Touring Frame - Yellow, 60",Yellow,60,"T ",HL Touring Frame,The HL aluminum frame is custom-shaped for both good looks and strength; it will withstand the most rigorous challenges of daily riding. Men's version.,Current
493,FR-T67Y-62,Touring Frames,Components,"LL Touring Frame - Yellow, 62",Yellow,62,"T ",LL Touring Frame,Lightweight butted aluminum frame provides a more upright riding position for a trip around town.  Our ground-breaking design provides optimum comfort.,Current
494,FR-T98Y-46,Touring Frames,Components,"HL Touring Frame - Yellow, 46",Yellow,46,"T ",HL Touring Frame,The HL aluminum frame is custom-shaped for both good looks and strength; it will withstand the most rigorous challenges of daily riding. Men's version.,Current
495,FR-T98Y-50,Touring Frames,Components,"HL Touring Frame - Yellow, 50",Yellow,50,"T ",HL Touring Frame,The HL aluminum frame is custom-shaped for both good looks and strength; it will withstand the most rigorous challenges of daily riding. Men's version.,Current
496,FR-T98Y-54,Touring Frames,Components,"HL Touring Frame - Yellow, 54",Yellow,54,"T ",HL Touring Frame,The HL aluminum frame is custom-shaped for both good looks and strength; it will withstand the most rigorous challenges of daily riding. Men's version.,Current
497,FR-T98U-46,Touring Frames,Components,"HL Touring Frame - Blue, 46",Blue,46,"T ",HL Touring Frame,The HL aluminum frame is custom-shaped for both good looks and strength; it will withstand the most rigorous challenges of daily riding. Men's version.,Current
498,FR-T98U-50,Touring Frames,Components,"HL Touring Frame - Blue, 50",Blue,50,"T ",HL Touring Frame,The HL aluminum frame is custom-shaped for both good looks and strength; it will withstand the most rigorous challenges of daily riding. Men's version.,Current
499,FR-T98U-54,Touring Frames,Components,"HL Touring Frame - Blue, 54",Blue,54,"T ",HL Touring Frame,The HL aluminum frame is custom-shaped for both good looks and strength; it will withstand the most rigorous challenges of daily riding. Men's version.,Current
500,FR-T98U-60,Touring Frames,Components,"HL Touring Frame - Blue, 60",Blue,60,"T ",HL Touring Frame,The HL aluminum frame is custom-shaped for both good looks and strength; it will withstand the most rigorous challenges of daily riding. Men's version.,Current
501,RD-2308,Derailleurs,Components,Rear Derailleur,Silver,NULL,NULL,Rear Derailleur,Wide-link design.,Current
502,FR-T67U-50,Touring Frames,Components,"LL Touring Frame - Blue, 50",Blue,50,"T ",LL Touring Frame,Lightweight butted aluminum frame provides a more upright riding position for a trip around town.  Our ground-breaking design provides optimum comfort.,Current
503,FR-T67U-54,Touring Frames,Components,"LL Touring Frame - Blue, 54",Blue,54,"T ",LL Touring Frame,Lightweight butted aluminum frame provides a more upright riding position for a trip around town.  Our ground-breaking design provides optimum comfort.,Current
504,FR-T67U-58,Touring Frames,Components,"LL Touring Frame - Blue, 58",Blue,58,"T ",LL Touring Frame,Lightweight butted aluminum frame provides a more upright riding position for a trip around town.  Our ground-breaking design provides optimum comfort.,Current
505,FR-T67U-62,Touring Frames,Components,"LL Touring Frame - Blue, 62",Blue,62,"T ",LL Touring Frame,Lightweight butted aluminum frame provides a more upright riding position for a trip around town.  Our ground-breaking design provides optimum comfort.,Current
506,FR-T67Y-44,Touring Frames,Components,"LL Touring Frame - Yellow, 44",Yellow,44,"T ",LL Touring Frame,Lightweight butted aluminum frame provides a more upright riding position for a trip around town.  Our ground-breaking design provides optimum comfort.,Current
507,FR-T67Y-50,Touring Frames,Components,"LL Touring Frame - Yellow, 50",Yellow,50,"T ",LL Touring Frame,Lightweight butted aluminum frame provides a more upright riding position for a trip around town.  Our ground-breaking design provides optimum comfort.,Current
508,FR-T67Y-54,Touring Frames,Components,"LL Touring Frame - Yellow, 54",Yellow,54,"T ",LL Touring Frame,Lightweight butted aluminum frame provides a more upright riding position for a trip around town.  Our ground-breaking design provides optimum comfort.,Current
509,FR-T67Y-58,Touring Frames,Components,"LL Touring Frame - Yellow, 58",Yellow,58,"T ",LL Touring Frame,Lightweight butted aluminum frame provides a more upright riding position for a trip around town.  Our ground-breaking design provides optimum comfort.,Current
510,FR-T67U-44,Touring Frames,Components,"LL Touring Frame - Blue, 44",Blue,44,"T ",LL Touring Frame,Lightweight butted aluminum frame provides a more upright riding position for a trip around town.  Our ground-breaking design provides optimum comfort.,Current
511,FR-M63S-40,Mountain Frames,Components,"ML Mountain Frame-W - Silver, 40",Silver,40,"M ",ML Mountain Frame-W,The ML frame is a heat-treated aluminum frame made with the same detail and quality as our HL frame. It offers superior performance. Men's version.,Current
512,FR-M63S-42,Mountain Frames,Components,"ML Mountain Frame-W - Silver, 42",Silver,42,"M ",ML Mountain Frame-W,The ML frame is a heat-treated aluminum frame made with the same detail and quality as our HL frame. It offers superior performance. Men's version.,Current
513,FR-M63S-46,Mountain Frames,Components,"ML Mountain Frame-W - Silver, 46",Silver,46,"M ",ML Mountain Frame-W,The ML frame is a heat-treated aluminum frame made with the same detail and quality as our HL frame. It offers superior performance. Men's version.,Current
514,RB-9231,Brakes,Components,Rear Brakes,Silver,NULL,NULL,Rear Brakes,NULL,Current
515,SE-M236,Saddles,Components,LL Mountain Seat/Saddle,NA,NULL,"M ",LL Mountain Seat/Saddle 2,Synthetic leather. Features gel for increased comfort.,Current
516,SE-M798,Saddles,Components,ML Mountain Seat/Saddle,NA,NULL,"M ",ML Mountain Seat/Saddle 2,Designed to absorb shock.,Current
517,SE-M940,Saddles,Components,HL Mountain Seat/Saddle,NA,NULL,"M ",HL Mountain Seat/Saddle 2,Anatomic design for a full-day of riding in comfort. Durable leather.,Current
518,SE-R581,Saddles,Components,LL Road Seat/Saddle,NA,NULL,"R ",LL Road Seat/Saddle 1,Lightweight foam-padded saddle.,Current
519,SE-R908,Saddles,Components,ML Road Seat/Saddle,NA,NULL,"T ",ML Road Seat/Saddle 2,Rubber bumpers absorb bumps.,Current
520,SE-R995,Saddles,Components,HL Road Seat/Saddle,NA,NULL,"R ",HL Road Seat/Saddle 2,Lightweight kevlar racing saddle. Leather.,Current
521,SE-T312,Saddles,Components,LL Touring Seat/Saddle,NA,NULL,"T ",LL Touring Seat/Saddle,"Comfortable, ergonomically shaped gel saddle.",Current
522,SE-T762,Saddles,Components,ML Touring Seat/Saddle,NA,NULL,"T ",ML Touring Seat/Saddle,New design relieves pressure for long rides.,Current
523,SE-T924,Saddles,Components,HL Touring Seat/Saddle,NA,NULL,"T ",HL Touring Seat/Saddle,Cut-out shell for a more comfortable ride.,Current
524,FR-M21S-42,Mountain Frames,Components,"LL Mountain Frame - Silver, 42",Silver,42,"M ",LL Mountain Frame,"Our best value utilizing the same, ground-breaking frame technology as the ML aluminum frame.",Current
525,FR-M21S-44,Mountain Frames,Components,"LL Mountain Frame - Silver, 44",Silver,44,"M ",LL Mountain Frame,"Our best value utilizing the same, ground-breaking frame technology as the ML aluminum frame.",Current
526,FR-M21S-48,Mountain Frames,Components,"LL Mountain Frame - Silver, 48",Silver,48,"M ",LL Mountain Frame,"Our best value utilizing the same, ground-breaking frame technology as the ML aluminum frame.",Current
527,FR-M21S-52,Mountain Frames,Components,"LL Mountain Frame - Silver, 52",Silver,52,"M ",LL Mountain Frame,"Our best value utilizing the same, ground-breaking frame technology as the ML aluminum frame.",Current
528,TT-M928,Tires and Tubes,Accessories,Mountain Tire Tube,NA,NULL,"M ",Mountain Tire Tube,Self-sealing tube.,Current
529,TT-R982,Tires and Tubes,Accessories,Road Tire Tube,NA,NULL,"R ",Road Tire Tube,Conventional all-purpose tube.,Current
530,TT-T092,Tires and Tubes,Accessories,Touring Tire Tube,NA,NULL,"T ",Touring Tire Tube,General purpose tube.,Current
531,FR-M21B-42,Mountain Frames,Components,"LL Mountain Frame - Black, 42",Black,42,"M ",LL Mountain Frame,"Our best value utilizing the same, ground-breaking frame technology as the ML aluminum frame.",Current
532,FR-M21B-44,Mountain Frames,Components,"LL Mountain Frame - Black, 44",Black,44,"M ",LL Mountain Frame,"Our best value utilizing the same, ground-breaking frame technology as the ML aluminum frame.",Current
533,FR-M21B-48,Mountain Frames,Components,"LL Mountain Frame - Black, 48",Black,48,"M ",LL Mountain Frame,"Our best value utilizing the same, ground-breaking frame technology as the ML aluminum frame.",Current
534,FR-M21B-52,Mountain Frames,Components,"LL Mountain Frame - Black, 52",Black,52,"M ",LL Mountain Frame,"Our best value utilizing the same, ground-breaking frame technology as the ML aluminum frame.",Current
535,TI-M267,Tires and Tubes,Accessories,LL Mountain Tire,NA,NULL,"M ",LL Mountain Tire,"Comparible traction, less expensive wire bead casing.",Current
536,TI-M602,Tires and Tubes,Accessories,ML Mountain Tire,NA,NULL,"M ",ML Mountain Tire,"Great traction, high-density rubber.",Current
537,TI-M823,Tires and Tubes,Accessories,HL Mountain Tire,NA,NULL,"M ",HL Mountain Tire,"Incredible traction, lightweight carbon reinforced.",Current
538,TI-R092,Tires and Tubes,Accessories,LL Road Tire,NA,NULL,"R ",LL Road Tire,Same great treads as more expensive tire with a less expensive wire bead casing.,Current
539,TI-R628,Tires and Tubes,Accessories,ML Road Tire,NA,NULL,"R ",ML Road Tire,Higher density rubber.,Current
540,TI-R982,Tires and Tubes,Accessories,HL Road Tire,NA,NULL,"R ",HL Road Tire,Lightweight carbon reinforced  for an unrivaled ride at an un-compromised weight.,Current
541,TI-T723,Tires and Tubes,Accessories,Touring Tire,NA,NULL,"T ",Touring Tire,High-density rubber.,Current
542,PD-M282,Pedals,Components,LL Mountain Pedal,Silver/Black,NULL,"M ",LL Mountain Pedal,Expanded platform so you can ride in any shoes; great for all-around riding.,Current
543,PD-M340,Pedals,Components,ML Mountain Pedal,Silver/Black,NULL,"M ",ML Mountain Pedal,"Lightweight, durable, clipless pedal with adjustable tension.",Current
544,PD-M562,Pedals,Components,HL Mountain Pedal,Silver/Black,NULL,"M ",HL Mountain Pedal,Stainless steel; designed to shed mud easily.,Current
545,PD-R347,Pedals,Components,LL Road Pedal,Silver/Black,NULL,"R ",LL Road Pedal,Clipless pedals - aluminum.,Current
546,PD-R563,Pedals,Components,ML Road Pedal,Silver/Black,NULL,"R ",ML Road Pedal,Lightweight aluminum alloy construction.,Current
547,PD-R853,Pedals,Components,HL Road Pedal,Silver/Black,NULL,"R ",HL Road Pedal,Top-of-the-line clipless pedals with adjustable tension.,Current
548,PD-T852,Pedals,Components,Touring Pedal,Silver/Black,NULL,"T ",Touring Pedal,A stable pedal for all-day riding.,Current
549,FR-M63S-38,Mountain Frames,Components,"ML Mountain Frame-W - Silver, 38",Silver,38,"M ",ML Mountain Frame-W,The ML frame is a heat-treated aluminum frame made with the same detail and quality as our HL frame. It offers superior performance. Men's version.,Current
550,FR-M21B-40,Mountain Frames,Components,"LL Mountain Frame - Black, 40",Black,40,"M ",LL Mountain Frame,"Our best value utilizing the same, ground-breaking frame technology as the ML aluminum frame.",Current
551,FR-M21S-40,Mountain Frames,Components,"LL Mountain Frame - Silver, 40",Silver,40,"M ",LL Mountain Frame,"Our best value utilizing the same, ground-breaking frame technology as the ML aluminum frame.",Current
552,FD-2342,Derailleurs,Components,Front Derailleur,Silver,NULL,NULL,Front Derailleur,Wide-link design.,Current
553,HB-T721,Handlebars,Components,LL Touring Handlebars,NA,NULL,"T ",LL Touring Handlebars,Unique shape reduces fatigue for entry level riders.,Current
554,HB-T928,Handlebars,Components,HL Touring Handlebars,NA,NULL,"T ",HL Touring Handlebars,A light yet stiff aluminum bar for long distance riding.,Current
555,FB-9873,Brakes,Components,Front Brakes,Silver,NULL,NULL,Front Brakes,All-weather brake pads; provides superior stopping by applying more surface to the rim.,Current
556,CS-4759,Cranksets,Components,LL Crankset,Black,NULL,NULL,LL Crankset,Super rigid spindle.,Current
557,CS-6583,Cranksets,Components,ML Crankset,Black,NULL,NULL,ML Crankset,High-strength crank arm.,Current
558,CS-9183,Cranksets,Components,HL Crankset,Black,NULL,NULL,HL Crankset,Triple crankset; alumunim crank arm; flawless shifting.,Current
559,CH-0234,Chains,Components,Chain,Silver,NULL,NULL,Chain,Superior shifting performance.,Current
560,BK-T44U-60,Touring Bikes,Bikes,"Touring-2000 Blue, 60",Blue,60,"T ",Touring-2000,"The plush custom saddle keeps you riding all day,  and there's plenty of space to add panniers and bike bags to the newly-redesigned carrier.  This bike has stability when fully-loaded.",Current
561,BK-T79Y-46,Touring Bikes,Bikes,"Touring-1000 Yellow, 46",Yellow,46,"T ",Touring-1000,Travel in style and comfort. Designed for maximum comfort and safety. Wide gear range takes on all hills. High-tech aluminum alloy construction provides durability without added weight.,Current
562,BK-T79Y-50,Touring Bikes,Bikes,"Touring-1000 Yellow, 50",Yellow,50,"T ",Touring-1000,Travel in style and comfort. Designed for maximum comfort and safety. Wide gear range takes on all hills. High-tech aluminum alloy construction provides durability without added weight.,Current
563,BK-T79Y-54,Touring Bikes,Bikes,"Touring-1000 Yellow, 54",Yellow,54,"T ",Touring-1000,Travel in style and comfort. Designed for maximum comfort and safety. Wide gear range takes on all hills. High-tech aluminum alloy construction provides durability without added weight.,Current
564,BK-T79Y-60,Touring Bikes,Bikes,"Touring-1000 Yellow, 60",Yellow,60,"T ",Touring-1000,Travel in style and comfort. Designed for maximum comfort and safety. Wide gear range takes on all hills. High-tech aluminum alloy construction provides durability without added weight.,Current
565,BK-T18U-54,Touring Bikes,Bikes,"Touring-3000 Blue, 54",Blue,54,"T ",Touring-3000,"All-occasion value bike with our basic comfort and safety features. Offers wider, more stable tires for a ride around town or weekend trip.",Current
566,BK-T18U-58,Touring Bikes,Bikes,"Touring-3000 Blue, 58",Blue,58,"T ",Touring-3000,"All-occasion value bike with our basic comfort and safety features. Offers wider, more stable tires for a ride around town or weekend trip.",Current
567,BK-T18U-62,Touring Bikes,Bikes,"Touring-3000 Blue, 62",Blue,62,"T ",Touring-3000,"All-occasion value bike with our basic comfort and safety features. Offers wider, more stable tires for a ride around town or weekend trip.",Current
568,BK-T18Y-44,Touring Bikes,Bikes,"Touring-3000 Yellow, 44",Yellow,44,"T ",Touring-3000,"All-occasion value bike with our basic comfort and safety features. Offers wider, more stable tires for a ride around town or weekend trip.",Current
569,BK-T18Y-50,Touring Bikes,Bikes,"Touring-3000 Yellow, 50",Yellow,50,"T ",Touring-3000,"All-occasion value bike with our basic comfort and safety features. Offers wider, more stable tires for a ride around town or weekend trip.",Current
570,BK-T18Y-54,Touring Bikes,Bikes,"Touring-3000 Yellow, 54",Yellow,54,"T ",Touring-3000,"All-occasion value bike with our basic comfort and safety features. Offers wider, more stable tires for a ride around town or weekend trip.",Current
571,BK-T18Y-58,Touring Bikes,Bikes,"Touring-3000 Yellow, 58",Yellow,58,"T ",Touring-3000,"All-occasion value bike with our basic comfort and safety features. Offers wider, more stable tires for a ride around town or weekend trip.",Current
572,BK-T18Y-62,Touring Bikes,Bikes,"Touring-3000 Yellow, 62",Yellow,62,"T ",Touring-3000,"All-occasion value bike with our basic comfort and safety features. Offers wider, more stable tires for a ride around town or weekend trip.",Current
573,BK-T79U-46,Touring Bikes,Bikes,"Touring-1000 Blue, 46",Blue,46,"T ",Touring-1000,Travel in style and comfort. Designed for maximum comfort and safety. Wide gear range takes on all hills. High-tech aluminum alloy construction provides durability without added weight.,Current
574,BK-T79U-50,Touring Bikes,Bikes,"Touring-1000 Blue, 50",Blue,50,"T ",Touring-1000,Travel in style and comfort. Designed for maximum comfort and safety. Wide gear range takes on all hills. High-tech aluminum alloy construction provides durability without added weight.,Current
575,BK-T79U-54,Touring Bikes,Bikes,"Touring-1000 Blue, 54",Blue,54,"T ",Touring-1000,Travel in style and comfort. Designed for maximum comfort and safety. Wide gear range takes on all hills. High-tech aluminum alloy construction provides durability without added weight.,Current
576,BK-T79U-60,Touring Bikes,Bikes,"Touring-1000 Blue, 60",Blue,60,"T ",Touring-1000,Travel in style and comfort. Designed for maximum comfort and safety. Wide gear range takes on all hills. High-tech aluminum alloy construction provides durability without added weight.,Current
577,BK-T44U-46,Touring Bikes,Bikes,"Touring-2000 Blue, 46",Blue,46,"T ",Touring-2000,"The plush custom saddle keeps you riding all day,  and there's plenty of space to add panniers and bike bags to the newly-redesigned carrier.  This bike has stability when fully-loaded.",Current
578,BK-T44U-50,Touring Bikes,Bikes,"Touring-2000 Blue, 50",Blue,50,"T ",Touring-2000,"The plush custom saddle keeps you riding all day,  and there's plenty of space to add panniers and bike bags to the newly-redesigned carrier.  This bike has stability when fully-loaded.",Current
579,BK-T44U-54,Touring Bikes,Bikes,"Touring-2000 Blue, 54",Blue,54,"T ",Touring-2000,"The plush custom saddle keeps you riding all day,  and there's plenty of space to add panniers and bike bags to the newly-redesigned carrier.  This bike has stability when fully-loaded.",Current
580,BK-R79Y-40,Road Bikes,Bikes,"Road-350-W Yellow, 40",Yellow,40,"R ",Road-350-W,"Cross-train, race, or just socialize on a sleek, aerodynamic bike designed for a woman.  Advanced seat technology provides comfort all day.",Current
581,BK-R79Y-42,Road Bikes,Bikes,"Road-350-W Yellow, 42",Yellow,42,"R ",Road-350-W,"Cross-train, race, or just socialize on a sleek, aerodynamic bike designed for a woman.  Advanced seat technology provides comfort all day.",Current
582,BK-R79Y-44,Road Bikes,Bikes,"Road-350-W Yellow, 44",Yellow,44,"R ",Road-350-W,"Cross-train, race, or just socialize on a sleek, aerodynamic bike designed for a woman.  Advanced seat technology provides comfort all day.",Current
583,BK-R79Y-48,Road Bikes,Bikes,"Road-350-W Yellow, 48",Yellow,48,"R ",Road-350-W,"Cross-train, race, or just socialize on a sleek, aerodynamic bike designed for a woman.  Advanced seat technology provides comfort all day.",Current
584,BK-R19B-58,Road Bikes,Bikes,"Road-750 Black, 58",Black,58,"R ",Road-750,Entry level adult bike; offers a comfortable ride cross-country or down the block. Quick-release hubs and rims.,Current
585,BK-T18U-44,Touring Bikes,Bikes,"Touring-3000 Blue, 44",Blue,44,"T ",Touring-3000,"All-occasion value bike with our basic comfort and safety features. Offers wider, more stable tires for a ride around town or weekend trip.",Current
586,BK-T18U-50,Touring Bikes,Bikes,"Touring-3000 Blue, 50",Blue,50,"T ",Touring-3000,"All-occasion value bike with our basic comfort and safety features. Offers wider, more stable tires for a ride around town or weekend trip.",Current
587,BK-M38S-38,Mountain Bikes,Bikes,"Mountain-400-W Silver, 38",Silver,38,"M ",Mountain-400-W,"This bike delivers a high-level of performance on a budget. It is responsive and maneuverable, and offers peace-of-mind when you decide to go off-road.",Current
588,BK-M38S-40,Mountain Bikes,Bikes,"Mountain-400-W Silver, 40",Silver,40,"M ",Mountain-400-W,"This bike delivers a high-level of performance on a budget. It is responsive and maneuverable, and offers peace-of-mind when you decide to go off-road.",Current
589,BK-M38S-42,Mountain Bikes,Bikes,"Mountain-400-W Silver, 42",Silver,42,"M ",Mountain-400-W,"This bike delivers a high-level of performance on a budget. It is responsive and maneuverable, and offers peace-of-mind when you decide to go off-road.",Current
590,BK-M38S-46,Mountain Bikes,Bikes,"Mountain-400-W Silver, 46",Silver,46,"M ",Mountain-400-W,"This bike delivers a high-level of performance on a budget. It is responsive and maneuverable, and offers peace-of-mind when you decide to go off-road.",Current
591,BK-M18S-40,Mountain Bikes,Bikes,"Mountain-500 Silver, 40",Silver,40,"M ",Mountain-500,"Suitable for any type of riding, on or off-road. Fits any budget. Smooth-shifting with a comfortable ride.",Current
592,BK-M18S-42,Mountain Bikes,Bikes,"Mountain-500 Silver, 42",Silver,42,"M ",Mountain-500,"Suitable for any type of riding, on or off-road. Fits any budget. Smooth-shifting with a comfortable ride.",Current
593,BK-M18S-44,Mountain Bikes,Bikes,"Mountain-500 Silver, 44",Silver,44,"M ",Mountain-500,"Suitable for any type of riding, on or off-road. Fits any budget. Smooth-shifting with a comfortable ride.",Current
594,BK-M18S-48,Mountain Bikes,Bikes,"Mountain-500 Silver, 48",Silver,48,"M ",Mountain-500,"Suitable for any type of riding, on or off-road. Fits any budget. Smooth-shifting with a comfortable ride.",Current
595,BK-M18S-52,Mountain Bikes,Bikes,"Mountain-500 Silver, 52",Silver,52,"M ",Mountain-500,"Suitable for any type of riding, on or off-road. Fits any budget. Smooth-shifting with a comfortable ride.",Current
596,BK-M18B-40,Mountain Bikes,Bikes,"Mountain-500 Black, 40",Black,40,"M ",Mountain-500,"Suitable for any type of riding, on or off-road. Fits any budget. Smooth-shifting with a comfortable ride.",Current
597,BK-M18B-42,Mountain Bikes,Bikes,"Mountain-500 Black, 42",Black,42,"M ",Mountain-500,"Suitable for any type of riding, on or off-road. Fits any budget. Smooth-shifting with a comfortable ride.",Current
598,BK-M18B-44,Mountain Bikes,Bikes,"Mountain-500 Black, 44",Black,44,"M ",Mountain-500,"Suitable for any type of riding, on or off-road. Fits any budget. Smooth-shifting with a comfortable ride.",Current
599,BK-M18B-48,Mountain Bikes,Bikes,"Mountain-500 Black, 48",Black,48,"M ",Mountain-500,"Suitable for any type of riding, on or off-road. Fits any budget. Smooth-shifting with a comfortable ride.",Current
600,BK-M18B-52,Mountain Bikes,Bikes,"Mountain-500 Black, 52",Black,52,"M ",Mountain-500,"Suitable for any type of riding, on or off-road. Fits any budget. Smooth-shifting with a comfortable ride.",Current
601,BB-7421,Bottom Brackets,Components,LL Bottom Bracket,NA,NULL,NULL,LL Bottom Bracket,Chromoly steel.,Current
602,BB-8107,Bottom Brackets,Components,ML Bottom Bracket,NA,NULL,NULL,ML Bottom Bracket,Aluminum alloy cups; large diameter spindle.,Current
603,BB-9108,Bottom Brackets,Components,HL Bottom Bracket,NA,NULL,NULL,HL Bottom Bracket,Aluminum alloy cups and a hollow axle.,Current
604,BK-R19B-44,Road Bikes,Bikes,"Road-750 Black, 44",Black,44,"R ",Road-750,Entry level adult bike; offers a comfortable ride cross-country or down the block. Quick-release hubs and rims.,Current
605,BK-R19B-48,Road Bikes,Bikes,"Road-750 Black, 48",Black,48,"R ",Road-750,Entry level adult bike; offers a comfortable ride cross-country or down the block. Quick-release hubs and rims.,Current
606,BK-R19B-52,Road Bikes,Bikes,"Road-750 Black, 52",Black,52,"R ",Road-750,Entry level adult bike; offers a comfortable ride cross-country or down the block. Quick-release hubs and rims.,Current
